Review ID,Review Date,City,State,Country,Room Type,Room Price
4055629,10/6/2012,London,England,United Kingdom,Entire home/apt,100
25329416,11/3/2013,Amsterdam,North Holland,The Netherlands,Private room,80
21705849,11/27/2014,New York City,New York,United States,Private room,57
41133812,5/8/2012,Madrid,Comunidad de Madrid,Spain,Entire home/apt,38
7465026,8/16/2013,Athens,Attica,Greece,Entire home/apt,62
11372151,11/19/2014,Portland,Oregon,United States,Private room,55
20417380,11/7/2013,Melbourne,Victoria,Australia,Entire home/apt,248
10787310,6/2/2013,London,England,United Kingdom,Private room,60
37085487,6/27/2014,New Orleans,Louisiana,United States,Private room,79
15542291,12/28/2013,Athens,Attica,Greece,Entire home/apt,37
24326991,10/19/2014,London,England,United Kingdom,Entire home/apt,140
28951458,8/6/2013,Amsterdam,North Holland,The Netherlands,Entire home/apt,229
22408370,4/16/2014,Venice,Veneto,Italy,Private room,45
23793633,2/1/2013,Paris,Île-de-France,France,Private room,39
12792771,8/22/2013,New York City,New York,United States,Entire home/apt,600
2977581,6/16/2013,Amsterdam,North Holland,The Netherlands,Entire home/apt,275
32482805,6/17/2014,Chicago,Illinois,United States,Entire home/apt,175
7568387,2/1/2013,Los Angeles,California,United States,Private room,99
9329281,12/3/2013,New York City,New York,United States,Entire home/apt,260
13983366,2/25/2013,San Francisco,California,United States,Entire home/apt,175
38360407,12/31/2013,London,England,United Kingdom,Entire home/apt,85
10761193,6/11/2014,New Orleans,Louisiana,United States,Private room,60
33973256,3/30/2013,Los Angeles,California,United States,Private room,46
40294978,9/25/2012,Washington,D.C.,"District of Columbia, United States",Private room,99
22750130,3/23/2013,Berlin,Berlin,Germany,Private room,30
22419996,11/17/2014,New York City,New York,United States,Entire home/apt,199
13482906,4/23/2013,Madrid,Comunidad de Madrid,Spain,Entire home/apt,47
37847700,2/2/2014,London,England,United Kingdom,Entire home/apt,129
20002031,5/22/2014,Venice,Veneto,Italy,Entire home/apt,130
34551311,7/16/2014,Berlin,Berlin,Germany,Entire home/apt,67
41130306,2/9/2012,Chicago,Illinois,United States,Private room,110
6564112,3/1/2014,Athens,Attica,Greece,Entire home/apt,69
16153533,6/12/2012,San Francisco,California,United States,Private room,65
16958125,6/26/2012,Barcelona,Catalonia,Spain,Entire home/apt,89
42823968,4/25/2013,New York City,New York,United States,Entire home/apt,195
43930287,3/31/2012,Los Angeles,California,United States,Entire home/apt,130
35333712,7/27/2012,Los Angeles,California,United States,Private room,94
17253757,4/2/2012,New York City,New York,United States,Shared room,89
25696315,12/17/2013,San Francisco,California,United States,Entire home/apt,160
4885439,12/14/2012,New York City,New York,United States,Private room,65
33573902,3/29/2013,Amsterdam,North Holland,The Netherlands,Entire home/apt,104
28556649,4/7/2012,Toronto,Ontario,Canada,Entire home/apt,175
33060648,5/2/2014,Vienna,Vienna,Austria,Entire home/apt,49
38753386,8/30/2012,San Francisco,California,United States,Entire home/apt,525
8044495,4/7/2012,New York City,New York,United States,Private room,42
18369148,11/20/2013,New York City,New York,United States,Entire home/apt,75
26752487,6/9/2013,Berlin,Berlin,Germany,Private room,39
12058804,6/30/2013,Nashville,Tennessee,United States,Private room,120
15672814,6/7/2013,Amsterdam,North Holland,The Netherlands,Entire home/apt,229
25768114,8/1/2012,Paris,Île-de-France,France,Entire home/apt,120
17543666,1/3/2012,San Francisco,California,United States,Private room,240
15538938,3/5/2013,Berlin,Berlin,Germany,Private room,40
29653585,3/15/2012,New York City,New York,United States,Entire home/apt,158
8043769,8/23/2013,New York City,New York,United States,Entire home/apt,550
37896961,5/12/2013,London,England,United Kingdom,Private room,54
9614806,11/16/2013,New York City,New York,United States,Private room,95
34209660,12/12/2014,Los Angeles,California,United States,Entire home/apt,139
30308283,5/4/2014,Melbourne,Victoria,Australia,Entire home/apt,85
32057274,11/8/2013,Amsterdam,North Holland,The Netherlands,Entire home/apt,170
31743595,8/23/2014,Portland,Oregon,United States,Private room,40
20942397,7/5/2014,New Orleans,Louisiana,United States,Entire home/apt,75
44547948,9/22/2014,Berlin,Berlin,Germany,Entire home/apt,165
32530307,8/23/2014,London,England,United Kingdom,Entire home/apt,119
6091224,4/14/2012,New York City,New York,United States,Entire home/apt,120
30347981,9/6/2014,London,England,United Kingdom,Private room,45
443786,7/27/2012,Los Angeles,California,United States,Entire home/apt,130
40805030,10/11/2012,Los Angeles,California,United States,Private room,57
8418373,11/21/2012,New York City,New York,United States,Private room,109
950280,10/22/2012,New York City,New York,United States,Entire home/apt,240
3532933,6/16/2012,Madrid,Comunidad de Madrid,Spain,Entire home/apt,75
36755565,2/19/2013,Paris,Île-de-France,France,Entire home/apt,120
8766727,9/27/2013,Madrid,Comunidad de Madrid,Spain,Entire home/apt,75
35805193,12/1/2013,Berlin,Berlin,Germany,Entire home/apt,60
12051403,10/9/2013,Amsterdam,North Holland,The Netherlands,Private room,80
7911249,1/17/2014,Los Angeles,California,United States,Private room,100
45154003,3/27/2012,Berlin,Berlin,Germany,Entire home/apt,60
7771648,12/9/2014,Sydney,New South Wales,Australia,Entire home/apt,219
25180201,5/2/2013,Berlin,Berlin,Germany,Entire home/apt,79
4896102,8/1/2012,Berlin,Berlin,Germany,Entire home/apt,63
19289389,10/1/2014,New York City,New York,United States,Entire home/apt,185
40313842,12/27/2012,New York City,New York,United States,Private room,165
29751428,6/13/2012,San Francisco,California,United States,Entire home/apt,195
25573586,7/26/2013,New York City,New York,United States,Entire home/apt,100
26772631,5/18/2014,Melbourne,Victoria,Australia,Entire home/apt,150
4685891,8/4/2014,Nashville,Tennessee,United States,Private room,79
9027279,5/5/2013,New York City,New York,United States,Private room,60
33997796,3/9/2012,Chicago,Illinois,United States,Entire home/apt,143
24409680,3/14/2014,New York City,New York,United States,Entire home/apt,110
32391687,7/6/2012,Venice,Veneto,Italy,Entire home/apt,120
10947550,7/31/2013,New York City,New York,United States,Private room,140
34883320,3/24/2014,Venice,Veneto,Italy,Private room,30
15164903,11/19/2012,London,England,United Kingdom,Private room,60
21629046,11/15/2012,London,England,United Kingdom,Private room,49
22784635,2/20/2014,Sydney,New South Wales,Australia,Private room,95
32041891,7/30/2013,New Orleans,Louisiana,United States,Private room,49
2130221,2/15/2013,San Francisco,California,United States,Entire home/apt,395
13168220,10/8/2013,Antwerp,Flemish Region,Belgium,Private room,35
18930474,5/12/2014,New York City,New York,United States,Private room,59
35429892,5/20/2013,Boston,Massachusetts,United States,Private room,115
27297400,11/14/2013,New York City,New York,United States,Entire home/apt,295
40727633,11/20/2014,San Francisco,California,United States,Entire home/apt,240
15570813,9/24/2014,Barcelona,Catalonia,Spain,Entire home/apt,40
8261836,3/23/2012,Paris,Île-de-France,France,Entire home/apt,80
21667376,7/11/2013,London,England,United Kingdom,Private room,46
38370820,2/22/2012,Paris,Île-de-France,France,Entire home/apt,250
8443313,5/26/2012,New York City,New York,United States,Entire home/apt,169
26629839,7/14/2013,Paris,Île-de-France,France,Entire home/apt,50
26641465,6/20/2013,Amsterdam,North Holland,The Netherlands,Entire home/apt,125
24086047,6/24/2012,Oakland,California,United States,Private room,88
10945962,8/4/2013,Oakland,California,United States,Private room,59
5459122,8/9/2012,Toronto,Ontario,Canada,Entire home/apt,125
44477834,3/5/2012,Brussels,Brussels,Belgium,Private room,23
3157899,5/17/2014,Paris,Île-de-France,France,Entire home/apt,40
38183098,4/14/2014,Austin,Texas,United States,Entire home/apt,199
15775350,1/4/2014,Paris,Île-de-France,France,Private room,52
18527607,11/19/2013,Venice,Veneto,Italy,Entire home/apt,65
33672617,10/10/2014,Paris,Île-de-France,France,Private room,55
38780881,2/21/2013,Austin,Texas,United States,Private room,69
32664627,3/31/2012,London,England,United Kingdom,Entire home/apt,108
29025172,9/13/2012,Barcelona,Catalonia,Spain,Private room,59
14923502,4/11/2013,Austin,Texas,United States,Entire home/apt,145
12922317,9/22/2014,Barcelona,Catalonia,Spain,Entire home/apt,70
25566938,10/20/2012,Los Angeles,California,United States,Entire home/apt,299
16985885,2/28/2012,Montreal,Quebec,Canada,Entire home/apt,89
25407060,3/9/2012,Madrid,Comunidad de Madrid,Spain,Entire home/apt,38
37734741,2/9/2012,Montreal,Quebec,Canada,Private room,42
2779559,8/8/2013,Venice,Veneto,Italy,Entire home/apt,120
9931612,11/24/2013,Portland,Oregon,United States,Entire home/apt,89
14007879,11/18/2012,Washington,D.C.,"District of Columbia, United States",Entire home/apt,145
26786554,11/25/2014,Paris,Île-de-France,France,Entire home/apt,69
36669891,5/6/2012,Berlin,Berlin,Germany,Entire home/apt,200
10778930,5/3/2012,Brussels,Brussels,Belgium,Entire home/apt,85
34480889,10/23/2014,Toronto,Ontario,Canada,Entire home/apt,99
33745624,3/29/2013,New York City,New York,United States,Shared room,105
23278592,2/2/2013,New York City,New York,United States,Entire home/apt,165
25773292,11/8/2014,Barcelona,Catalonia,Spain,Entire home/apt,85
35696348,1/22/2014,London,England,United Kingdom,Entire home/apt,110
9926249,1/16/2014,Berlin,Berlin,Germany,Entire home/apt,48
31795190,2/15/2014,Boston,Massachusetts,United States,Entire home/apt,190
14452169,9/12/2013,Washington,D.C.,"District of Columbia, United States",Entire home/apt,105
42981952,6/30/2014,Nashville,Tennessee,United States,Entire home/apt,110
33344998,8/3/2014,New York City,New York,United States,Private room,130
19966147,2/1/2013,Los Angeles,California,United States,Entire home/apt,129
46165035,11/26/2013,San Francisco,California,United States,Entire home/apt,210
2233136,1/21/2014,Los Angeles,California,United States,Entire home/apt,139
11634067,3/20/2014,Venice,Veneto,Italy,Private room,38
44846244,4/14/2013,London,England,United Kingdom,Private room,40
42138786,7/20/2012,Washington,D.C.,"District of Columbia, United States",Entire home/apt,99
11764488,12/12/2013,Seattle,Washington,United States,Private room,58
12796223,10/13/2014,Los Angeles,California,United States,Entire home/apt,185
27437048,10/6/2014,Seattle,Washington,United States,Entire home/apt,120
2109122,11/7/2013,London,England,United Kingdom,Entire home/apt,210
40042553,9/28/2014,London,England,United Kingdom,Private room,55
2370167,2/28/2013,Berlin,Berlin,Germany,Entire home/apt,35
28428712,8/21/2012,Athens,Attica,Greece,Entire home/apt,65
29542083,7/10/2014,London,England,United Kingdom,Entire home/apt,245
26067926,10/18/2012,Paris,Île-de-France,France,Entire home/apt,45
48532802,7/20/2013,Barcelona,Catalonia,Spain,Entire home/apt,80
15160485,4/22/2012,Barcelona,Catalonia,Spain,Private room,45
16645677,9/2/2013,Portland,Oregon,United States,Private room,85
13506485,3/9/2014,Madrid,Comunidad de Madrid,Spain,Entire home/apt,45
38960229,4/21/2012,San Francisco,California,United States,Private room,65
11554752,2/12/2014,Amsterdam,North Holland,The Netherlands,Private room,55
22357841,4/26/2014,London,England,United Kingdom,Private room,55
18995405,2/4/2013,Paris,Île-de-France,France,Entire home/apt,30
9043249,2/17/2013,Toronto,Ontario,Canada,Entire home/apt,159
37790831,4/17/2012,Berlin,Berlin,Germany,Private room,35
30335035,3/3/2013,New York City,New York,United States,Entire home/apt,175
21899385,1/18/2013,Amsterdam,North Holland,The Netherlands,Entire home/apt,95
19934381,1/10/2013,Paris,Île-de-France,France,Entire home/apt,139
21458070,12/24/2014,Boston,Massachusetts,United States,Entire home/apt,99
15489743,5/8/2013,New York City,New York,United States,Entire home/apt,275
26625996,2/8/2014,Berlin,Berlin,Germany,Entire home/apt,131
12887690,5/1/2014,Paris,Île-de-France,France,Entire home/apt,150
30845311,1/7/2012,Toronto,Ontario,Canada,Entire home/apt,119
2949679,4/15/2012,New York City,New York,United States,Private room,70
29115645,11/2/2013,London,England,United Kingdom,Private room,40
43617579,4/22/2014,Paris,Île-de-France,France,Entire home/apt,85
30480072,3/25/2012,Los Angeles,California,United States,Private room,62
553523,11/24/2014,Paris,Île-de-France,France,Entire home/apt,139
21094356,2/29/2012,New York City,New York,United States,Private room,35
32219958,9/24/2013,Los Angeles,California,United States,Private room,80
34110252,1/9/2013,New York City,New York,United States,Private room,55
43110914,9/24/2013,Portland,Oregon,United States,Private room,120
26452927,12/18/2012,Paris,Île-de-France,France,Entire home/apt,110
50131316,2/7/2013,San Francisco,California,United States,Shared room,47
24718448,11/4/2014,London,England,United Kingdom,Entire home/apt,75
12614571,7/27/2014,New York City,New York,United States,Entire home/apt,228
432284,9/17/2012,Seattle,Washington,United States,Private room,70
28130345,1/10/2014,New York City,New York,United States,Entire home/apt,135
45177234,10/6/2012,Paris,Île-de-France,France,Entire home/apt,70
27382219,11/6/2012,Montreal,Quebec,Canada,Entire home/apt,120
20379020,5/28/2013,Austin,Texas,United States,Entire home/apt,349
23971544,8/7/2013,Seattle,Washington,United States,Entire home/apt,349
34093749,9/22/2013,Seattle,Washington,United States,Entire home/apt,185
26927633,11/17/2012,Amsterdam,North Holland,The Netherlands,Entire home/apt,200
22641976,10/19/2013,Austin,Texas,United States,Entire home/apt,149
35560531,3/24/2013,London,England,United Kingdom,Entire home/apt,110
12817509,12/15/2013,Vienna,Vienna,Austria,Entire home/apt,440
14041460,7/10/2014,Chicago,Illinois,United States,Entire home/apt,395
2879535,2/13/2012,Seattle,Washington,United States,Entire home/apt,90
12909646,10/21/2012,Boston,Massachusetts,United States,Private room,105
43740448,7/27/2013,San Francisco,California,United States,Entire home/apt,395
43846571,12/15/2012,New York City,New York,United States,Shared room,69
43365494,7/10/2012,San Francisco,California,United States,Private room,89
23442390,9/23/2012,San Francisco,California,United States,Private room,97
27343121,1/16/2012,Sydney,New South Wales,Australia,Entire home/apt,169
8640285,1/3/2012,London,England,United Kingdom,Entire home/apt,90
19676077,12/30/2012,New York City,New York,United States,Private room,75
2164617,9/21/2012,New York City,New York,United States,Entire home/apt,150
28961058,4/20/2014,New York City,New York,United States,Private room,120
14774282,12/12/2014,Berlin,Berlin,Germany,Entire home/apt,63
22819573,3/1/2013,New York City,New York,United States,Private room,50
21957228,10/2/2014,Nashville,Tennessee,United States,Entire home/apt,198
5371651,1/12/2013,Seattle,Washington,United States,Private room,75
36873068,6/13/2014,Los Angeles,California,United States,Private room,100
30975678,6/19/2012,London,England,United Kingdom,Entire home/apt,155
26271373,6/30/2014,Amsterdam,North Holland,The Netherlands,Private room,81
15185391,7/23/2013,Portland,Oregon,United States,Entire home/apt,140
26249879,8/9/2012,Sydney,New South Wales,Australia,Entire home/apt,220
18031796,1/14/2012,Toronto,Ontario,Canada,Entire home/apt,80
32572936,10/10/2012,New York City,New York,United States,Entire home/apt,200
28261766,12/21/2014,San Francisco,California,United States,Entire home/apt,165
5295497,3/26/2014,Paris,Île-de-France,France,Entire home/apt,60
42135292,2/12/2013,New York City,New York,United States,Private room,66
14250523,12/6/2012,New Orleans,Louisiana,United States,Entire home/apt,99
7824178,2/4/2012,Boston,Massachusetts,United States,Entire home/apt,168
29022980,11/4/2012,Montreal,Quebec,Canada,Entire home/apt,89
3877162,6/16/2012,Los Angeles,California,United States,Entire home/apt,120
37634069,6/23/2014,Paris,Île-de-France,France,Entire home/apt,56
40410663,10/17/2013,Los Angeles,California,United States,Entire home/apt,140
44982266,1/27/2012,Barcelona,Catalonia,Spain,Entire home/apt,110
25625321,11/27/2014,Seattle,Washington,United States,Private room,59
28540726,7/10/2012,Madrid,Comunidad de Madrid,Spain,Entire home/apt,60
30612199,10/27/2012,New York City,New York,United States,Entire home/apt,129
5556101,7/25/2013,Washington,D.C.,"District of Columbia, United States",Entire home/apt,179
45372449,9/12/2012,Los Angeles,California,United States,Private room,59
32585370,6/27/2014,Amsterdam,North Holland,The Netherlands,Entire home/apt,100
37623027,1/24/2013,Madrid,Comunidad de Madrid,Spain,Entire home/apt,60
11610297,1/2/2014,Paris,Île-de-France,France,Entire home/apt,144
39234998,7/10/2014,Montreal,Quebec,Canada,Private room,70
16157854,4/23/2014,New Orleans,Louisiana,United States,Entire home/apt,250
18710101,3/14/2012,Amsterdam,North Holland,The Netherlands,Entire home/apt,85
21805893,6/8/2013,Los Angeles,California,United States,Entire home/apt,106
21973682,7/30/2014,New York City,New York,United States,Private room,75
11930405,1/19/2013,Barcelona,Catalonia,Spain,Entire home/apt,84
13280371,7/29/2014,Barcelona,Catalonia,Spain,Entire home/apt,99
26697787,12/6/2013,Los Angeles,California,United States,Entire home/apt,179
17133299,7/18/2014,Paris,Île-de-France,France,Private room,60
41960378,10/27/2012,New York City,New York,United States,Private room,175
29600269,1/10/2014,Brussels,Brussels,Belgium,Entire home/apt,48
44012770,9/27/2012,Amsterdam,North Holland,The Netherlands,Entire home/apt,160
19762588,4/9/2014,New York City,New York,United States,Entire home/apt,125
23007762,4/25/2013,Berlin,Berlin,Germany,Entire home/apt,300
7107083,9/27/2012,London,England,United Kingdom,Entire home/apt,90
10080005,6/11/2013,New York City,New York,United States,Private room,96
17053818,8/18/2013,New York City,New York,United States,Private room,185
22824008,8/15/2014,Vienna,Vienna,Austria,Entire home/apt,59
31118183,9/4/2014,Los Angeles,California,United States,Private room,55
45127461,12/8/2012,San Francisco,California,United States,Entire home/apt,250
34748526,11/3/2014,New York City,New York,United States,Private room,96
23662790,4/13/2014,Oakland,California,United States,Entire home/apt,165
5286725,12/13/2013,Montreal,Quebec,Canada,Entire home/apt,125
953836,10/1/2013,Berlin,Berlin,Germany,Entire home/apt,44
26772537,4/21/2014,Barcelona,Catalonia,Spain,Entire home/apt,140
32062377,7/3/2014,New York City,New York,United States,Entire home/apt,220
21237182,7/5/2014,New York City,New York,United States,Private room,59
12386330,12/12/2012,London,England,United Kingdom,Private room,55
12152011,4/19/2012,Barcelona,Catalonia,Spain,Private room,30
1293952,10/8/2014,Venice,Veneto,Italy,Private room,63
41405493,9/18/2014,New York City,New York,United States,Entire home/apt,199
34577947,10/22/2014,Montreal,Quebec,Canada,Entire home/apt,398
48724344,5/29/2014,Brussels,Brussels,Belgium,Entire home/apt,99
37231037,6/7/2013,New York City,New York,United States,Entire home/apt,250
13952928,10/12/2014,Seattle,Washington,United States,Private room,95
8310555,5/27/2013,New York City,New York,United States,Private room,95
22586921,3/31/2013,New Orleans,Louisiana,United States,Entire home/apt,150
28775206,8/2/2013,Paris,Île-de-France,France,Entire home/apt,185
12181038,1/4/2012,Venice,Veneto,Italy,Entire home/apt,130
25271698,12/10/2014,New Orleans,Louisiana,United States,Entire home/apt,425
2468657,1/25/2014,Vienna,Vienna,Austria,Entire home/apt,70
40101957,10/17/2014,Barcelona,Catalonia,Spain,Private room,35
34029715,12/13/2013,Paris,Île-de-France,France,Entire home/apt,140
17137973,3/12/2012,Toronto,Ontario,Canada,Entire home/apt,109
29979379,1/29/2014,Berlin,Berlin,Germany,Private room,55
11829756,11/19/2013,Barcelona,Catalonia,Spain,Entire home/apt,39
25883128,1/6/2014,San Francisco,California,United States,Entire home/apt,320
39632949,12/22/2012,London,England,United Kingdom,Entire home/apt,108
33942445,1/17/2014,New York City,New York,United States,Private room,79
25753624,5/16/2012,San Francisco,California,United States,Entire home/apt,270
26877442,1/16/2014,San Francisco,California,United States,Private room,120
8368122,12/6/2012,London,England,United Kingdom,Entire home/apt,95
1924396,6/27/2014,Oakland,California,United States,Entire home/apt,145
31423086,12/17/2013,New Orleans,Louisiana,United States,Entire home/apt,125
8969719,1/29/2013,San Francisco,California,United States,Entire home/apt,215
47274739,7/18/2012,Nashville,Tennessee,United States,Private room,65
19594383,11/19/2012,Nashville,Tennessee,United States,Entire home/apt,125
16073247,9/25/2014,Madrid,Comunidad de Madrid,Spain,Entire home/apt,50
15305088,10/28/2012,Paris,Île-de-France,France,Entire home/apt,125
17651981,12/26/2014,Barcelona,Catalonia,Spain,Entire home/apt,85
21281263,12/10/2013,Venice,Veneto,Italy,Entire home/apt,140
33484028,2/25/2012,Los Angeles,California,United States,Entire home/apt,149
5768056,6/4/2013,London,England,United Kingdom,Entire home/apt,110
36621227,3/15/2012,Berlin,Berlin,Germany,Entire home/apt,81
38657039,7/10/2014,New York City,New York,United States,Entire home/apt,200
10926136,8/14/2012,Los Angeles,California,United States,Private room,100
44838729,6/3/2012,Barcelona,Catalonia,Spain,Private room,19
40618302,4/23/2014,Barcelona,Catalonia,Spain,Private room,26
26354464,6/23/2013,Paris,Île-de-France,France,Entire home/apt,60
5972045,10/13/2012,Madrid,Comunidad de Madrid,Spain,Private room,39
20404110,2/3/2014,London,England,United Kingdom,Private room,39
21450174,2/6/2012,London,England,United Kingdom,Private room,35
41357423,9/16/2013,Portland,Oregon,United States,Private room,70
20738851,9/22/2012,San Francisco,California,United States,Entire home/apt,200
18986372,9/2/2014,Athens,Attica,Greece,Entire home/apt,78
5153780,8/17/2014,Melbourne,Victoria,Australia,Entire home/apt,280
43554953,8/31/2013,Boston,Massachusetts,United States,Entire home/apt,388
35383186,9/22/2013,Paris,Île-de-France,France,Private room,90
35478962,1/28/2014,Vienna,Vienna,Austria,Entire home/apt,100
6399747,8/29/2012,Chicago,Illinois,United States,Private room,85
31904139,3/6/2013,Los Angeles,California,United States,Entire home/apt,220
30179650,5/15/2013,Montreal,Quebec,Canada,Private room,33
6712682,9/5/2012,New York City,New York,United States,Private room,90
22744954,2/5/2014,London,England,United Kingdom,Private room,50
6378336,2/19/2014,Vienna,Vienna,Austria,Private room,55
21082964,3/28/2014,Sydney,New South Wales,Australia,Private room,70
35279667,3/16/2012,London,England,United Kingdom,Private room,60
48827512,10/21/2012,Berlin,Berlin,Germany,Entire home/apt,95
7937600,1/4/2013,London,England,United Kingdom,Private room,30
19665653,4/1/2013,Paris,Île-de-France,France,Entire home/apt,150
30275433,7/22/2012,Berlin,Berlin,Germany,Entire home/apt,37
25985434,7/23/2013,Los Angeles,California,United States,Private room,87
11306255,8/12/2012,Paris,Île-de-France,France,Entire home/apt,80
13983166,5/27/2013,Los Angeles,California,United States,Entire home/apt,105
5773078,3/5/2013,Barcelona,Catalonia,Spain,Entire home/apt,83
25327351,2/27/2012,Portland,Oregon,United States,Private room,68
34623400,2/28/2012,Berlin,Berlin,Germany,Entire home/apt,55
28537445,8/24/2013,Chicago,Illinois,United States,Entire home/apt,140
22260942,1/31/2012,New Orleans,Louisiana,United States,Entire home/apt,100
7318998,10/7/2012,New York City,New York,United States,Entire home/apt,200
34515406,2/25/2013,Chicago,Illinois,United States,Entire home/apt,165
39989690,5/10/2012,Portland,Oregon,United States,Entire home/apt,150
15040027,2/9/2012,Paris,Île-de-France,France,Entire home/apt,90
1040473,9/2/2014,New Orleans,Louisiana,United States,Entire home/apt,225
18113099,6/26/2014,New York City,New York,United States,Private room,89
3634453,3/18/2014,Antwerp,Flemish Region,Belgium,Private room,30
26000971,5/30/2013,Madrid,Comunidad de Madrid,Spain,Entire home/apt,55
42969882,1/17/2013,Berlin,Berlin,Germany,Private room,33
33692999,5/7/2013,Boston,Massachusetts,United States,Entire home/apt,425
23079481,10/11/2013,Montreal,Quebec,Canada,Entire home/apt,104
9854333,6/20/2013,London,England,United Kingdom,Private room,45
3127701,2/19/2014,Paris,Île-de-France,France,Entire home/apt,155
4860891,1/4/2013,New York City,New York,United States,Private room,49
6067530,4/12/2013,Barcelona,Catalonia,Spain,Entire home/apt,140
31038081,3/2/2012,Paris,Île-de-France,France,Entire home/apt,85
34946476,6/18/2014,London,England,United Kingdom,Entire home/apt,250
9586271,12/2/2013,Madrid,Comunidad de Madrid,Spain,Entire home/apt,220
11661255,4/11/2013,Amsterdam,North Holland,The Netherlands,Entire home/apt,79
14342063,11/13/2014,Barcelona,Catalonia,Spain,Entire home/apt,65
15671706,1/7/2013,Portland,Oregon,United States,Entire home/apt,75
6732881,4/24/2014,Paris,Île-de-France,France,Entire home/apt,70
4639476,9/26/2013,New York City,New York,United States,Entire home/apt,150
19879704,1/6/2014,New York City,New York,United States,Private room,90
36857024,1/15/2013,Paris,Île-de-France,France,Entire home/apt,59
27541347,4/21/2012,Barcelona,Catalonia,Spain,Entire home/apt,152
5576052,2/3/2012,Paris,Île-de-France,France,Entire home/apt,80
42258907,10/8/2012,San Francisco,California,United States,Entire home/apt,110
39762841,12/3/2013,London,England,United Kingdom,Entire home/apt,165
25297929,10/27/2014,Toronto,Ontario,Canada,Entire home/apt,87
4212200,5/4/2013,Boston,Massachusetts,United States,Private room,95
34885869,7/28/2012,New York City,New York,United States,Entire home/apt,110
22678893,8/14/2013,Sydney,New South Wales,Australia,Private room,111
13166514,10/23/2012,Barcelona,Catalonia,Spain,Entire home/apt,115
27103501,1/24/2013,New York City,New York,United States,Entire home/apt,159
19217092,11/30/2014,London,England,United Kingdom,Private room,80
35870554,5/13/2014,Amsterdam,North Holland,The Netherlands,Entire home/apt,119
33357392,6/23/2014,London,England,United Kingdom,Private room,45
4098488,2/18/2012,Nashville,Tennessee,United States,Private room,46
43415104,3/14/2013,New York City,New York,United States,Private room,99
21376212,10/13/2014,Paris,Île-de-France,France,Entire home/apt,76
44035789,7/14/2012,New York City,New York,United States,Entire home/apt,190
4134151,7/19/2014,Montreal,Quebec,Canada,Entire home/apt,130
34194895,7/23/2014,New York City,New York,United States,Entire home/apt,129
3140386,8/22/2012,London,England,United Kingdom,Entire home/apt,120
16121867,3/20/2014,Paris,Île-de-France,France,Entire home/apt,85
10122864,9/25/2012,San Francisco,California,United States,Entire home/apt,190
35665956,3/22/2012,Melbourne,Victoria,Australia,Entire home/apt,50
4138651,8/10/2012,Barcelona,Catalonia,Spain,Entire home/apt,90
39049853,11/30/2013,Paris,Île-de-France,France,Private room,55
11007919,10/5/2014,Barcelona,Catalonia,Spain,Entire home/apt,40
37317051,8/7/2012,San Francisco,California,United States,Private room,95
14854981,11/1/2012,Paris,Île-de-France,France,Entire home/apt,121
27657132,3/3/2013,Paris,Île-de-France,France,Entire home/apt,100
39186503,6/24/2012,Berlin,Berlin,Germany,Entire home/apt,80
47350434,7/10/2013,San Francisco,California,United States,Private room,140
10092851,7/1/2012,Berlin,Berlin,Germany,Entire home/apt,54
3371307,2/17/2014,London,England,United Kingdom,Entire home/apt,150
14216277,5/11/2013,Austin,Texas,United States,Entire home/apt,125
2411144,4/2/2014,New York City,New York,United States,Private room,55
6709065,3/16/2012,Portland,Oregon,United States,Entire home/apt,160
16466719,1/6/2013,Seattle,Washington,United States,Private room,120
29998568,10/5/2012,Melbourne,Victoria,Australia,Entire home/apt,126
14742616,8/16/2012,London,England,United Kingdom,Entire home/apt,55
1264122,10/9/2014,Barcelona,Catalonia,Spain,Private room,34
23682786,9/24/2013,Brussels,Brussels,Belgium,Entire home/apt,110
9931908,7/5/2013,Madrid,Comunidad de Madrid,Spain,Entire home/apt,38
36490525,1/17/2012,Nashville,Tennessee,United States,Private room,58
10235389,8/15/2013,Sydney,New South Wales,Australia,Entire home/apt,160
37902143,3/6/2012,Portland,Oregon,United States,Entire home/apt,77
40057065,8/21/2014,Amsterdam,North Holland,The Netherlands,Private room,97
19152105,11/5/2014,Melbourne,Victoria,Australia,Entire home/apt,124
35597575,6/28/2012,Barcelona,Catalonia,Spain,Entire home/apt,145
1718816,12/24/2013,New Orleans,Louisiana,United States,Entire home/apt,70
23807540,6/4/2014,Portland,Oregon,United States,Private room,84
2572853,7/14/2014,New York City,New York,United States,Private room,42
37920920,5/3/2013,Los Angeles,California,United States,Entire home/apt,105
2846722,1/6/2013,San Francisco,California,United States,Private room,129
34431001,10/26/2014,Paris,Île-de-France,France,Entire home/apt,65
12501941,3/7/2013,New York City,New York,United States,Private room,115
24108449,12/22/2012,Madrid,Comunidad de Madrid,Spain,Private room,42
24463991,9/30/2014,Vienna,Vienna,Austria,Entire home/apt,56
16844376,6/15/2014,Barcelona,Catalonia,Spain,Entire home/apt,80
5417454,1/5/2012,Barcelona,Catalonia,Spain,Entire home/apt,39
34236768,11/29/2014,Los Angeles,California,United States,Entire home/apt,115
34066889,10/29/2014,New York City,New York,United States,Entire home/apt,120
17439719,6/11/2012,Montreal,Quebec,Canada,Entire home/apt,125
23078537,4/21/2012,Nashville,Tennessee,United States,Private room,60
45021364,7/4/2014,Barcelona,Catalonia,Spain,Private room,25
35629458,7/15/2012,London,England,United Kingdom,Private room,95
4246807,4/25/2013,New York City,New York,United States,Entire home/apt,150
40152723,10/12/2013,Los Angeles,California,United States,Private room,58
25019723,7/3/2014,Vienna,Vienna,Austria,Entire home/apt,69
16477030,12/18/2013,Amsterdam,North Holland,The Netherlands,Private room,80
28032582,5/4/2013,New York City,New York,United States,Entire home/apt,110
1761161,1/25/2013,Paris,Île-de-France,France,Entire home/apt,58
37388715,4/23/2013,New York City,New York,United States,Private room,65
44160205,12/25/2013,Montreal,Quebec,Canada,Entire home/apt,80
11480435,3/13/2012,Washington,D.C.,"District of Columbia, United States",Shared room,80
36321362,1/18/2012,Seattle,Washington,United States,Entire home/apt,90
9111876,12/26/2012,Paris,Île-de-France,France,Entire home/apt,160
17485972,9/19/2013,Brussels,Brussels,Belgium,Entire home/apt,49
24115437,4/19/2014,Boston,Massachusetts,United States,Private room,60
22968563,5/30/2014,New York City,New York,United States,Private room,65
31209363,10/23/2012,New York City,New York,United States,Private room,32
8757120,11/26/2013,New York City,New York,United States,Private room,85
31668856,6/5/2014,Los Angeles,California,United States,Private room,88
19072622,5/11/2014,Berlin,Berlin,Germany,Entire home/apt,40
7352467,9/11/2014,San Francisco,California,United States,Entire home/apt,159
5785575,3/19/2013,Montreal,Quebec,Canada,Entire home/apt,129
38144986,6/23/2014,San Francisco,California,United States,Entire home/apt,550
17162311,11/7/2013,Washington,D.C.,"District of Columbia, United States",Entire home/apt,225
20114777,6/5/2012,Paris,Île-de-France,France,Entire home/apt,95
11937812,5/28/2012,Barcelona,Catalonia,Spain,Private room,19
503200,10/21/2012,London,England,United Kingdom,Private room,35
20420654,8/20/2013,Berlin,Berlin,Germany,Entire home/apt,50
11492012,9/15/2012,New York City,New York,United States,Entire home/apt,160
46333120,7/3/2012,Montreal,Quebec,Canada,Private room,45
29971928,7/9/2014,New Orleans,Louisiana,United States,Private room,75
53103380,7/3/2012,Austin,Texas,United States,Entire home/apt,200
34979884,5/17/2013,London,England,United Kingdom,Private room,60
33226586,5/17/2012,Paris,Île-de-France,France,Entire home/apt,70
9563751,11/17/2013,Toronto,Ontario,Canada,Private room,98
30830402,2/2/2014,London,England,United Kingdom,Private room,36
39354514,4/20/2013,San Francisco,California,United States,Private room,115
2041243,3/27/2013,Austin,Texas,United States,Entire home/apt,89
2701117,8/22/2014,Paris,Île-de-France,France,Private room,60
27327317,8/6/2013,Athens,Attica,Greece,Entire home/apt,45
23601570,2/16/2013,Chicago,Illinois,United States,Entire home/apt,90
36441415,2/11/2013,Amsterdam,North Holland,The Netherlands,Entire home/apt,150
42280681,7/15/2013,Los Angeles,California,United States,Entire home/apt,140
45636620,4/9/2013,Nashville,Tennessee,United States,Entire home/apt,85
10077939,8/7/2013,Melbourne,Victoria,Australia,Entire home/apt,89
22260984,2/26/2012,Sydney,New South Wales,Australia,Private room,70
30127287,10/15/2013,Austin,Texas,United States,Entire home/apt,120
11810204,4/8/2013,Austin,Texas,United States,Private room,115
34358594,5/4/2014,Amsterdam,North Holland,The Netherlands,Entire home/apt,150
45252467,9/29/2013,Toronto,Ontario,Canada,Entire home/apt,125
27763330,10/9/2012,Brussels,Brussels,Belgium,Entire home/apt,70
24375290,8/6/2013,Melbourne,Victoria,Australia,Private room,35
30176116,12/7/2013,Venice,Veneto,Italy,Private room,39
23184029,10/8/2014,Chicago,Illinois,United States,Entire home/apt,106
35739696,2/14/2013,Nashville,Tennessee,United States,Shared room,35
34656810,1/2/2013,Venice,Veneto,Italy,Private room,85
38116514,4/21/2014,Paris,Île-de-France,France,Entire home/apt,250
13487331,5/16/2013,Barcelona,Catalonia,Spain,Entire home/apt,50
2251633,7/30/2012,London,England,United Kingdom,Private room,84
7342317,4/11/2013,Sydney,New South Wales,Australia,Entire home/apt,150
48169307,12/28/2012,Nashville,Tennessee,United States,Entire home/apt,125
34318123,9/10/2013,San Francisco,California,United States,Entire home/apt,180
25836446,3/5/2012,Chicago,Illinois,United States,Entire home/apt,800
1245955,2/1/2012,New York City,New York,United States,Private room,95
4352037,6/8/2012,Berlin,Berlin,Germany,Private room,41
6539887,1/14/2012,Portland,Oregon,United States,Entire home/apt,155
23426876,10/30/2012,New York City,New York,United States,Entire home/apt,180
2417770,8/5/2012,New York City,New York,United States,Private room,90
32815217,4/9/2014,Madrid,Comunidad de Madrid,Spain,Entire home/apt,47
19394975,10/8/2013,Los Angeles,California,United States,Entire home/apt,375
11474019,6/6/2013,Los Angeles,California,United States,Private room,80
38229888,2/25/2012,Montreal,Quebec,Canada,Private room,25
20742050,9/18/2013,Los Angeles,California,United States,Private room,70
46401706,9/4/2012,Brussels,Brussels,Belgium,Entire home/apt,43
16714382,11/24/2013,Venice,Veneto,Italy,Entire home/apt,100
17976850,3/27/2014,London,England,United Kingdom,Entire home/apt,150
36553226,10/23/2013,San Francisco,California,United States,Entire home/apt,290
44282443,9/3/2013,Barcelona,Catalonia,Spain,Entire home/apt,59
29098876,8/10/2014,Toronto,Ontario,Canada,Entire home/apt,186
15519783,5/26/2014,Chicago,Illinois,United States,Private room,100
11455961,3/19/2012,London,England,United Kingdom,Private room,129
20237661,8/5/2012,Boston,Massachusetts,United States,Entire home/apt,80
16517050,4/9/2014,New York City,New York,United States,Entire home/apt,220
15776931,3/29/2014,Seattle,Washington,United States,Entire home/apt,90
18211635,12/25/2013,Venice,Veneto,Italy,Entire home/apt,360
42399524,5/3/2013,New York City,New York,United States,Entire home/apt,190
19138611,4/29/2014,Los Angeles,California,United States,Private room,85
4496140,2/28/2012,Madrid,Comunidad de Madrid,Spain,Entire home/apt,47
40971813,2/15/2014,New York City,New York,United States,Entire home/apt,475
41756,11/22/2012,Paris,Île-de-France,France,Entire home/apt,260
32105716,12/22/2014,New York City,New York,United States,Entire home/apt,199
29952932,6/15/2013,New York City,New York,United States,Entire home/apt,775
48367734,5/13/2012,Austin,Texas,United States,Private room,65
10448262,7/29/2013,Sydney,New South Wales,Australia,Entire home/apt,105
43547004,7/25/2013,New Orleans,Louisiana,United States,Private room,54
14541282,4/19/2012,Brussels,Brussels,Belgium,Private room,45
41655280,8/16/2013,Paris,Île-de-France,France,Private room,45
32539942,10/12/2014,New York City,New York,United States,Entire home/apt,100
45464909,11/28/2012,Sydney,New South Wales,Australia,Entire home/apt,165
41865080,9/29/2012,London,England,United Kingdom,Private room,45
5711671,7/11/2014,London,England,United Kingdom,Private room,75
41616128,11/29/2012,Boston,Massachusetts,United States,Entire home/apt,500
34634372,5/2/2013,Barcelona,Catalonia,Spain,Private room,40
4776558,11/29/2014,Amsterdam,North Holland,The Netherlands,Entire home/apt,150
34691366,12/13/2014,Montreal,Quebec,Canada,Entire home/apt,150
19300670,12/30/2014,New York City,New York,United States,Entire home/apt,79
4225671,7/10/2012,Washington,D.C.,"District of Columbia, United States",Private room,155
36266927,6/2/2013,Berlin,Berlin,Germany,Entire home/apt,70
67176,7/12/2013,Los Angeles,California,United States,Entire home/apt,265
30589078,1/27/2012,Portland,Oregon,United States,Entire home/apt,89
5516038,7/16/2012,San Francisco,California,United States,Shared room,80
7791711,7/20/2012,Vienna,Vienna,Austria,Entire home/apt,95
7524055,9/10/2014,San Francisco,California,United States,Entire home/apt,155
31017313,5/26/2013,London,England,United Kingdom,Private room,38
34094652,1/18/2013,Portland,Oregon,United States,Private room,50
10891195,6/8/2013,Austin,Texas,United States,Entire home/apt,150
18940929,4/30/2014,Paris,Île-de-France,France,Entire home/apt,75
35672250,1/31/2014,London,England,United Kingdom,Entire home/apt,137
32065246,4/26/2012,Paris,Île-de-France,France,Entire home/apt,110
34652427,9/13/2013,New York City,New York,United States,Entire home/apt,135
7838623,11/9/2014,London,England,United Kingdom,Entire home/apt,110
6045876,3/31/2014,London,England,United Kingdom,Entire home/apt,100
34433682,11/20/2012,Paris,Île-de-France,France,Entire home/apt,81
23437644,7/16/2014,Brussels,Brussels,Belgium,Entire home/apt,69
19173593,7/19/2012,Brussels,Brussels,Belgium,Entire home/apt,125
28198769,3/5/2013,Vienna,Vienna,Austria,Entire home/apt,50
22453593,11/22/2012,Paris,Île-de-France,France,Entire home/apt,95
25917256,9/29/2012,Los Angeles,California,United States,Entire home/apt,135
8381199,10/25/2014,San Francisco,California,United States,Entire home/apt,650
18193857,5/3/2014,Seattle,Washington,United States,Shared room,42
14243450,8/2/2013,Athens,Attica,Greece,Private room,30
23544495,10/2/2012,Los Angeles,California,United States,Entire home/apt,129
44882430,5/6/2014,Barcelona,Catalonia,Spain,Entire home/apt,190
151811,3/5/2014,New York City,New York,United States,Private room,135
11094160,4/21/2012,Toronto,Ontario,Canada,Entire home/apt,129
30570087,6/24/2012,Brussels,Brussels,Belgium,Entire home/apt,120
22464251,9/24/2012,Washington,D.C.,"District of Columbia, United States",Private room,90
38818393,1/15/2013,Portland,Oregon,United States,Entire home/apt,158
29457452,9/4/2013,Toronto,Ontario,Canada,Private room,117
35962741,10/26/2013,Amsterdam,North Holland,The Netherlands,Entire home/apt,250
20061880,2/14/2014,Berlin,Berlin,Germany,Private room,75
22546897,5/13/2013,Paris,Île-de-France,France,Entire home/apt,200
15088575,1/20/2014,New York City,New York,United States,Entire home/apt,325
45107193,1/13/2014,Madrid,Comunidad de Madrid,Spain,Entire home/apt,100
1255563,6/13/2013,Los Angeles,California,United States,Private room,95
32343500,12/12/2013,London,England,United Kingdom,Private room,50
2187139,10/18/2012,Portland,Oregon,United States,Private room,67
36257596,2/3/2012,Paris,Île-de-France,France,Entire home/apt,32
2165039,10/20/2014,Paris,Île-de-France,France,Entire home/apt,55
7795982,5/10/2013,Berlin,Berlin,Germany,Private room,22
19415216,9/23/2012,Chicago,Illinois,United States,Entire home/apt,222
25084924,7/26/2013,Madrid,Comunidad de Madrid,Spain,Entire home/apt,55
32702369,4/7/2013,Montreal,Quebec,Canada,Entire home/apt,78
15353193,6/29/2014,Barcelona,Catalonia,Spain,Private room,28
35822732,1/30/2013,Seattle,Washington,United States,Private room,62
37727648,2/4/2012,Berlin,Berlin,Germany,Entire home/apt,89
20148690,11/30/2012,Vienna,Vienna,Austria,Private room,35
38340378,7/23/2014,Paris,Île-de-France,France,Entire home/apt,91
32818237,7/5/2013,Berlin,Berlin,Germany,Entire home/apt,49
4918513,12/19/2013,San Francisco,California,United States,Entire home/apt,475
37997394,12/8/2013,Barcelona,Catalonia,Spain,Entire home/apt,85
4348225,6/1/2012,Portland,Oregon,United States,Entire home/apt,155
19941498,3/27/2012,Washington,D.C.,"District of Columbia, United States",Entire home/apt,149
29021134,9/3/2012,London,England,United Kingdom,Private room,35
38844338,9/27/2014,San Francisco,California,United States,Private room,105
38267969,11/24/2014,Los Angeles,California,United States,Entire home/apt,350
50312111,9/21/2012,Austin,Texas,United States,Entire home/apt,80
35752320,2/18/2012,Los Angeles,California,United States,Private room,90
17164950,8/27/2012,Boston,Massachusetts,United States,Private room,70
42027435,3/10/2012,Boston,Massachusetts,United States,Private room,74
32622251,11/3/2013,Toronto,Ontario,Canada,Entire home/apt,119
10185543,1/23/2013,London,England,United Kingdom,Entire home/apt,140
9177489,10/25/2013,New York City,New York,United States,Entire home/apt,99
23613663,11/26/2013,London,England,United Kingdom,Entire home/apt,110
13754659,12/1/2013,London,England,United Kingdom,Entire home/apt,95
38876564,5/23/2012,Washington,D.C.,"District of Columbia, United States",Private room,64
25995607,7/4/2013,San Francisco,California,United States,Entire home/apt,204
34531524,5/17/2014,Montreal,Quebec,Canada,Entire home/apt,58
25920525,8/16/2014,Paris,Île-de-France,France,Private room,90
32908579,3/11/2012,London,England,United Kingdom,Entire home/apt,95
13529536,4/10/2012,London,England,United Kingdom,Private room,90
3566161,4/25/2014,London,England,United Kingdom,Private room,90
16483404,11/23/2013,San Francisco,California,United States,Private room,65
16651473,7/20/2012,Seattle,Washington,United States,Entire home/apt,80
32698671,1/10/2013,New York City,New York,United States,Entire home/apt,420
29049258,4/22/2014,San Francisco,California,United States,Private room,100
41553198,12/10/2014,New York City,New York,United States,Entire home/apt,725
39327310,3/1/2012,San Francisco,California,United States,Entire home/apt,199
19618060,5/12/2013,San Francisco,California,United States,Entire home/apt,189
33493191,10/25/2014,Barcelona,Catalonia,Spain,Entire home/apt,80
9640385,1/27/2013,Barcelona,Catalonia,Spain,Entire home/apt,69
22719784,7/8/2012,Montreal,Quebec,Canada,Entire home/apt,134
2720996,9/10/2014,London,England,United Kingdom,Entire home/apt,299
20932103,7/31/2014,Seattle,Washington,United States,Private room,60
33504071,9/29/2014,New York City,New York,United States,Entire home/apt,110
24503138,9/10/2012,Brussels,Brussels,Belgium,Private room,29
24599297,5/13/2012,Paris,Île-de-France,France,Entire home/apt,80
8585594,2/25/2012,Berlin,Berlin,Germany,Entire home/apt,100
32939580,6/20/2013,Brussels,Brussels,Belgium,Entire home/apt,55
4661583,6/8/2013,Seattle,Washington,United States,Entire home/apt,137
25404064,6/1/2012,Sydney,New South Wales,Australia,Entire home/apt,180
5599851,4/11/2012,Paris,Île-de-France,France,Entire home/apt,175
3712873,7/31/2014,Paris,Île-de-France,France,Entire home/apt,139
11758068,8/20/2014,New York City,New York,United States,Private room,72
34616636,4/20/2013,Berlin,Berlin,Germany,Private room,28
20192667,3/12/2012,London,England,United Kingdom,Entire home/apt,70
26423206,7/25/2014,Amsterdam,North Holland,The Netherlands,Entire home/apt,110
33711672,7/19/2013,London,England,United Kingdom,Entire home/apt,77
17574925,9/25/2012,Berlin,Berlin,Germany,Entire home/apt,110
1117856,12/3/2012,London,England,United Kingdom,Private room,59
1196879,7/17/2012,San Francisco,California,United States,Entire home/apt,250
11547180,8/28/2014,Chicago,Illinois,United States,Entire home/apt,75
20925267,1/28/2013,Paris,Île-de-France,France,Entire home/apt,75
46277510,1/29/2014,Montreal,Quebec,Canada,Entire home/apt,90
30374919,10/22/2012,Amsterdam,North Holland,The Netherlands,Entire home/apt,130
11595415,2/16/2014,Los Angeles,California,United States,Entire home/apt,285
7159670,7/6/2013,New York City,New York,United States,Private room,65
9955391,3/17/2012,New York City,New York,United States,Private room,125
14169337,3/12/2013,Los Angeles,California,United States,Private room,80
2926920,1/5/2014,Austin,Texas,United States,Private room,120
38963065,4/4/2014,Washington,D.C.,"District of Columbia, United States",Private room,49
30648279,10/30/2014,Athens,Attica,Greece,Entire home/apt,50
46468609,7/9/2012,Berlin,Berlin,Germany,Entire home/apt,50
27415050,3/28/2014,Boston,Massachusetts,United States,Private room,159
42464858,8/11/2014,Toronto,Ontario,Canada,Entire home/apt,159
22187465,6/24/2013,New York City,New York,United States,Entire home/apt,240
24014571,2/28/2014,New York City,New York,United States,Entire home/apt,200
5941175,12/5/2013,London,England,United Kingdom,Private room,70
28254087,6/14/2013,New York City,New York,United States,Entire home/apt,89
33536072,8/7/2012,Los Angeles,California,United States,Entire home/apt,147
36514291,4/19/2014,New York City,New York,United States,Entire home/apt,198
23914491,4/6/2012,Montreal,Quebec,Canada,Entire home/apt,150
30148314,7/23/2013,San Francisco,California,United States,Entire home/apt,165
24710430,5/28/2014,Venice,Veneto,Italy,Entire home/apt,133
27094762,9/8/2013,Los Angeles,California,United States,Entire home/apt,125
37049459,10/15/2012,Barcelona,Catalonia,Spain,Entire home/apt,95
37690586,2/15/2012,Paris,Île-de-France,France,Entire home/apt,68
28026267,8/23/2014,New York City,New York,United States,Entire home/apt,149
46219138,4/25/2012,Boston,Massachusetts,United States,Private room,84
32685344,8/22/2012,London,England,United Kingdom,Entire home/apt,165
6003320,2/16/2013,London,England,United Kingdom,Entire home/apt,99
42683656,3/11/2014,Los Angeles,California,United States,Entire home/apt,350
52202396,3/24/2012,Austin,Texas,United States,Entire home/apt,105
8122628,8/25/2014,London,England,United Kingdom,Private room,87
4272485,12/22/2014,Madrid,Comunidad de Madrid,Spain,Entire home/apt,80
24525718,4/18/2012,New York City,New York,United States,Entire home/apt,119
35381848,4/22/2012,Venice,Veneto,Italy,Entire home/apt,79
20652755,4/11/2013,Madrid,Comunidad de Madrid,Spain,Entire home/apt,57
3925949,12/15/2012,Paris,Île-de-France,France,Entire home/apt,60
30623387,1/22/2014,Barcelona,Catalonia,Spain,Private room,30
16609547,7/21/2013,Vienna,Vienna,Austria,Private room,40
17150007,4/19/2014,Boston,Massachusetts,United States,Entire home/apt,600
18063939,5/1/2012,Los Angeles,California,United States,Entire home/apt,220
11022631,6/25/2013,Austin,Texas,United States,Private room,75
16667358,4/15/2014,Seattle,Washington,United States,Private room,65
6649468,1/8/2013,San Francisco,California,United States,Private room,80
39777231,12/3/2012,Amsterdam,North Holland,The Netherlands,Entire home/apt,190
19252353,8/5/2014,Montreal,Quebec,Canada,Private room,35
15243829,1/8/2012,Los Angeles,California,United States,Entire home/apt,84
7875576,6/15/2012,London,England,United Kingdom,Private room,35
41174556,10/9/2014,London,England,United Kingdom,Private room,44
4023055,3/1/2013,Toronto,Ontario,Canada,Entire home/apt,105
26744429,12/25/2014,New York City,New York,United States,Entire home/apt,395
17190942,8/28/2012,London,England,United Kingdom,Private room,49
27751203,11/21/2012,Austin,Texas,United States,Private room,55
34563855,5/30/2013,New York City,New York,United States,Private room,69
35674145,11/23/2013,Nashville,Tennessee,United States,Entire home/apt,160
8828121,5/6/2012,Seattle,Washington,United States,Private room,125
37585083,1/22/2014,London,England,United Kingdom,Entire home/apt,130
28674272,1/13/2014,New York City,New York,United States,Private room,49
29826537,2/23/2012,Washington,D.C.,"District of Columbia, United States",Entire home/apt,90
14682028,4/7/2013,London,England,United Kingdom,Entire home/apt,100
10675719,12/24/2012,New Orleans,Louisiana,United States,Entire home/apt,200
16895794,2/25/2014,Montreal,Quebec,Canada,Entire home/apt,65
28815529,12/14/2014,Portland,Oregon,United States,Private room,104
27026932,10/6/2013,Toronto,Ontario,Canada,Entire home/apt,146
35076088,9/12/2013,Vienna,Vienna,Austria,Entire home/apt,38
46040633,10/25/2012,Berlin,Berlin,Germany,Entire home/apt,120
12642204,8/15/2014,Portland,Oregon,United States,Entire home/apt,130
13917476,11/12/2013,Venice,Veneto,Italy,Entire home/apt,110
13881760,11/15/2014,San Francisco,California,United States,Private room,135
52109736,1/5/2013,San Francisco,California,United States,Private room,80
27024873,4/6/2014,New Orleans,Louisiana,United States,Private room,89
2076078,2/15/2014,Barcelona,Catalonia,Spain,Entire home/apt,69
20959677,4/1/2013,Venice,Veneto,Italy,Private room,100
30512432,12/12/2013,New York City,New York,United States,Private room,75
33542891,6/28/2012,Boston,Massachusetts,United States,Private room,120
34307932,7/29/2012,Paris,Île-de-France,France,Entire home/apt,72
36852357,3/31/2013,Chicago,Illinois,United States,Entire home/apt,129
21849464,7/24/2014,New York City,New York,United States,Entire home/apt,115
14283430,6/9/2014,Barcelona,Catalonia,Spain,Entire home/apt,90
47355526,8/5/2012,Madrid,Comunidad de Madrid,Spain,Private room,16
14473790,9/15/2014,Barcelona,Catalonia,Spain,Entire home/apt,95
10292472,5/2/2013,Sydney,New South Wales,Australia,Private room,150
46406040,1/17/2013,Brussels,Brussels,Belgium,Entire home/apt,120
15633199,12/24/2012,Amsterdam,North Holland,The Netherlands,Entire home/apt,75
9088262,8/11/2013,Paris,Île-de-France,France,Private room,42
15065827,10/2/2014,San Francisco,California,United States,Entire home/apt,200
25454059,3/27/2013,Athens,Attica,Greece,Entire home/apt,50
17782217,3/24/2014,Washington,D.C.,"District of Columbia, United States",Private room,99
47981441,11/15/2012,Sydney,New South Wales,Australia,Entire home/apt,131
33890110,6/4/2014,New York City,New York,United States,Entire home/apt,130
40809543,2/25/2012,New York City,New York,United States,Entire home/apt,180
39594982,12/9/2012,Amsterdam,North Holland,The Netherlands,Entire home/apt,294
45315131,12/23/2013,London,England,United Kingdom,Entire home/apt,100
18465181,3/13/2013,Berlin,Berlin,Germany,Private room,34
15791938,2/15/2012,London,England,United Kingdom,Entire home/apt,55
24956872,6/6/2014,Paris,Île-de-France,France,Entire home/apt,110
9111880,12/19/2012,Paris,Île-de-France,France,Entire home/apt,33
45558364,6/28/2013,Sydney,New South Wales,Australia,Entire home/apt,141
43512577,12/18/2014,Berlin,Berlin,Germany,Private room,29
10842156,5/16/2012,Berlin,Berlin,Germany,Entire home/apt,49
29977494,9/19/2013,Paris,Île-de-France,France,Entire home/apt,175
37117583,4/20/2012,Brussels,Brussels,Belgium,Shared room,16
123549,7/11/2014,Boston,Massachusetts,United States,Private room,70
1183893,6/28/2012,Barcelona,Catalonia,Spain,Private room,37
26969508,1/5/2012,Sydney,New South Wales,Australia,Private room,141
34830730,5/12/2012,Chicago,Illinois,United States,Private room,95
20295270,3/30/2013,London,England,United Kingdom,Entire home/apt,99
11707272,11/8/2014,Sydney,New South Wales,Australia,Private room,89
11656316,5/3/2013,San Francisco,California,United States,Private room,110
36031250,7/19/2012,Athens,Attica,Greece,Entire home/apt,44
10280148,7/23/2012,Barcelona,Catalonia,Spain,Private room,35
3831270,7/31/2012,Sydney,New South Wales,Australia,Entire home/apt,85
44047915,9/20/2013,New York City,New York,United States,Entire home/apt,170
23868290,8/20/2014,San Francisco,California,United States,Entire home/apt,135
21525429,9/27/2014,Paris,Île-de-France,France,Entire home/apt,30
26239266,11/7/2012,London,England,United Kingdom,Entire home/apt,80
30332616,10/28/2014,New York City,New York,United States,Entire home/apt,199
23969316,8/28/2013,Sydney,New South Wales,Australia,Entire home/apt,175
44052650,11/25/2012,Los Angeles,California,United States,Entire home/apt,135
21021584,7/29/2013,Austin,Texas,United States,Entire home/apt,199
10584872,11/7/2012,San Francisco,California,United States,Entire home/apt,179
35691725,10/28/2013,Berlin,Berlin,Germany,Entire home/apt,160
29876483,4/4/2014,Barcelona,Catalonia,Spain,Entire home/apt,60
26853258,2/5/2014,London,England,United Kingdom,Private room,34
43541667,8/27/2014,Portland,Oregon,United States,Entire home/apt,225
39091546,7/10/2012,London,England,United Kingdom,Entire home/apt,125
18798322,12/14/2012,New York City,New York,United States,Entire home/apt,175
97586,2/14/2012,New York City,New York,United States,Entire home/apt,585
36792814,4/3/2013,New York City,New York,United States,Private room,65
35399909,5/24/2013,Melbourne,Victoria,Australia,Entire home/apt,131
11228110,1/8/2012,Sydney,New South Wales,Australia,Entire home/apt,77
41199627,6/17/2012,Amsterdam,North Holland,The Netherlands,Entire home/apt,85
868837,3/16/2012,Paris,Île-de-France,France,Entire home/apt,75
15195153,12/13/2014,Antwerp,Flemish Region,Belgium,Entire home/apt,65
31256446,10/8/2013,Brussels,Brussels,Belgium,Private room,24
33501216,9/22/2012,Los Angeles,California,United States,Private room,95
34169918,9/7/2014,Paris,Île-de-France,France,Private room,70
28002567,12/8/2012,Sydney,New South Wales,Australia,Entire home/apt,160
44808416,10/9/2013,Sydney,New South Wales,Australia,Private room,75
39361031,4/17/2014,Berlin,Berlin,Germany,Private room,30
21220941,4/11/2014,London,England,United Kingdom,Private room,100
47990561,10/12/2014,Chicago,Illinois,United States,Entire home/apt,200
26626714,8/16/2012,New Orleans,Louisiana,United States,Entire home/apt,130
17887404,2/7/2013,Amsterdam,North Holland,The Netherlands,Entire home/apt,75
1055937,1/4/2012,London,England,United Kingdom,Private room,60
9098434,6/27/2012,New York City,New York,United States,Entire home/apt,139
27250360,10/31/2014,Barcelona,Catalonia,Spain,Entire home/apt,35
43354819,2/24/2014,Toronto,Ontario,Canada,Entire home/apt,135
11943988,7/14/2012,London,England,United Kingdom,Private room,40
44958336,8/20/2013,Barcelona,Catalonia,Spain,Entire home/apt,120
40644670,5/31/2014,Antwerp,Flemish Region,Belgium,Entire home/apt,69
29187487,6/28/2012,Venice,Veneto,Italy,Private room,100
3886285,11/1/2013,Washington,D.C.,"District of Columbia, United States",Entire home/apt,120
32565297,11/2/2014,London,England,United Kingdom,Private room,28
10254217,4/14/2012,Paris,Île-de-France,France,Private room,60
31703768,4/4/2014,Paris,Île-de-France,France,Entire home/apt,60
37947941,11/2/2012,Barcelona,Catalonia,Spain,Private room,22
6778090,8/31/2014,Vienna,Vienna,Austria,Entire home/apt,42
35379915,5/22/2013,Paris,Île-de-France,France,Entire home/apt,140
3255281,5/29/2012,Paris,Île-de-France,France,Entire home/apt,90
5239947,1/15/2013,Los Angeles,California,United States,Entire home/apt,1500
2080135,9/24/2013,Berlin,Berlin,Germany,Entire home/apt,52
36782945,8/4/2014,New York City,New York,United States,Private room,58
9598457,3/9/2012,Amsterdam,North Holland,The Netherlands,Entire home/apt,210
26399258,3/2/2012,Los Angeles,California,United States,Entire home/apt,150
17797613,10/16/2014,Los Angeles,California,United States,Entire home/apt,125
39926755,10/31/2012,Madrid,Comunidad de Madrid,Spain,Entire home/apt,69
19895960,11/17/2013,Austin,Texas,United States,Entire home/apt,109
19163286,9/25/2012,Berlin,Berlin,Germany,Entire home/apt,35
34528256,10/26/2013,London,England,United Kingdom,Entire home/apt,95
29550851,3/10/2012,Austin,Texas,United States,Entire home/apt,165
2875700,12/6/2013,New York City,New York,United States,Entire home/apt,400
37727801,12/31/2013,Barcelona,Catalonia,Spain,Private room,28
17052006,3/5/2014,New Orleans,Louisiana,United States,Entire home/apt,99
10737812,8/28/2014,London,England,United Kingdom,Entire home/apt,200
16056333,5/12/2012,Chicago,Illinois,United States,Private room,90
10210811,8/30/2012,Barcelona,Catalonia,Spain,Private room,30
1800063,2/1/2012,Melbourne,Victoria,Australia,Private room,89
25700523,12/27/2014,Melbourne,Victoria,Australia,Entire home/apt,131
897662,9/19/2013,Los Angeles,California,United States,Private room,100
10072260,1/23/2012,Toronto,Ontario,Canada,Private room,98
25864798,6/2/2012,Paris,Île-de-France,France,Entire home/apt,117
26058205,10/8/2014,San Francisco,California,United States,Entire home/apt,200
29905146,8/11/2014,Amsterdam,North Holland,The Netherlands,Private room,55
39352305,6/27/2013,New Orleans,Louisiana,United States,Shared room,42
17519487,5/15/2013,Brussels,Brussels,Belgium,Entire home/apt,85
35767773,4/16/2012,New York City,New York,United States,Entire home/apt,145
781283,8/18/2013,Berlin,Berlin,Germany,Private room,56
26512827,10/26/2012,Paris,Île-de-France,France,Private room,50
11866754,8/8/2013,Melbourne,Victoria,Australia,Entire home/apt,109
26694986,9/3/2014,Los Angeles,California,United States,Private room,92
18193061,5/1/2012,Portland,Oregon,United States,Entire home/apt,100
28199902,10/29/2012,Amsterdam,North Holland,The Netherlands,Entire home/apt,147
45623707,9/11/2014,Brussels,Brussels,Belgium,Entire home/apt,120
31577669,1/13/2012,New York City,New York,United States,Entire home/apt,350
39113821,6/22/2012,Montreal,Quebec,Canada,Entire home/apt,158
49038595,10/9/2012,Barcelona,Catalonia,Spain,Entire home/apt,60
14491160,1/10/2012,Madrid,Comunidad de Madrid,Spain,Entire home/apt,59
19932560,11/10/2012,New York City,New York,United States,Private room,50
28490014,3/23/2013,London,England,United Kingdom,Entire home/apt,110
41296568,8/16/2013,Washington,D.C.,"District of Columbia, United States",Entire home/apt,115
28895059,9/7/2013,Toronto,Ontario,Canada,Private room,41
28651981,4/3/2012,Barcelona,Catalonia,Spain,Private room,26
32542816,1/17/2012,Berlin,Berlin,Germany,Entire home/apt,90
10590268,3/14/2014,Oakland,California,United States,Entire home/apt,80
2222287,6/9/2012,Berlin,Berlin,Germany,Entire home/apt,75
4817878,1/4/2013,New York City,New York,United States,Entire home/apt,175
25905048,3/21/2014,Paris,Île-de-France,France,Entire home/apt,45
205942,12/19/2012,New York City,New York,United States,Private room,85
11602512,8/2/2013,Montreal,Quebec,Canada,Entire home/apt,116
31049287,8/29/2014,Berlin,Berlin,Germany,Private room,55
25664857,5/22/2013,New York City,New York,United States,Entire home/apt,229
51458116,1/1/2012,Austin,Texas,United States,Entire home/apt,99
22163909,5/5/2013,Sydney,New South Wales,Australia,Entire home/apt,221
17051802,2/18/2012,Toronto,Ontario,Canada,Entire home/apt,147
6057975,5/24/2012,Amsterdam,North Holland,The Netherlands,Entire home/apt,90
40839709,11/16/2014,Los Angeles,California,United States,Entire home/apt,135
35616069,11/21/2013,London,England,United Kingdom,Private room,42
13042695,2/26/2014,New York City,New York,United States,Entire home/apt,95
42142974,8/24/2013,London,England,United Kingdom,Entire home/apt,139
41641523,12/31/2013,Barcelona,Catalonia,Spain,Private room,25
29252683,7/17/2012,London,England,United Kingdom,Entire home/apt,245
23439967,10/23/2014,New Orleans,Louisiana,United States,Entire home/apt,65
9686240,3/24/2014,Paris,Île-de-France,France,Entire home/apt,75
41018000,8/22/2014,Sydney,New South Wales,Australia,Private room,60
17755151,10/21/2014,Los Angeles,California,United States,Entire home/apt,199
21075617,3/28/2014,London,England,United Kingdom,Entire home/apt,89
28699535,10/3/2014,London,England,United Kingdom,Private room,45
7287669,10/28/2013,New York City,New York,United States,Entire home/apt,150
37873488,2/22/2014,Barcelona,Catalonia,Spain,Private room,27
37497024,10/8/2012,Madrid,Comunidad de Madrid,Spain,Entire home/apt,120
27516303,10/10/2014,Brussels,Brussels,Belgium,Private room,29
22422191,5/25/2013,New Orleans,Louisiana,United States,Private room,75
11509422,9/23/2012,Los Angeles,California,United States,Entire home/apt,99
36907867,2/14/2014,Sydney,New South Wales,Australia,Private room,30
42084577,2/28/2012,Melbourne,Victoria,Australia,Private room,64
25738028,2/25/2012,London,England,United Kingdom,Private room,55
13936950,4/21/2014,Chicago,Illinois,United States,Private room,77
1086998,10/23/2013,London,England,United Kingdom,Private room,49
39668407,5/21/2014,Barcelona,Catalonia,Spain,Entire home/apt,70
31454688,5/1/2012,Amsterdam,North Holland,The Netherlands,Entire home/apt,150
35592167,3/2/2012,Berlin,Berlin,Germany,Entire home/apt,50
8805600,2/12/2013,Amsterdam,North Holland,The Netherlands,Private room,55
3113877,11/28/2013,Chicago,Illinois,United States,Private room,59
34957441,9/24/2013,Portland,Oregon,United States,Private room,65
37043140,2/6/2013,London,England,United Kingdom,Private room,45
46156515,10/3/2013,Madrid,Comunidad de Madrid,Spain,Entire home/apt,88
40616592,5/8/2013,London,England,United Kingdom,Entire home/apt,85
32208049,7/12/2013,Seattle,Washington,United States,Entire home/apt,115
34420830,9/23/2012,Seattle,Washington,United States,Entire home/apt,85
965480,5/17/2014,Los Angeles,California,United States,Private room,74
31309906,5/13/2013,Paris,Île-de-France,France,Entire home/apt,75
28870381,7/14/2013,Paris,Île-de-France,France,Entire home/apt,443
39950764,3/10/2012,Los Angeles,California,United States,Entire home/apt,165
4044363,5/30/2014,Madrid,Comunidad de Madrid,Spain,Entire home/apt,39
37536497,4/2/2013,Barcelona,Catalonia,Spain,Entire home/apt,50
40634046,6/28/2012,Madrid,Comunidad de Madrid,Spain,Entire home/apt,49
27056281,7/13/2013,San Francisco,California,United States,Entire home/apt,169
28788596,3/22/2012,Amsterdam,North Holland,The Netherlands,Entire home/apt,75
32425960,4/2/2012,San Francisco,California,United States,Private room,125
13722469,12/21/2013,Seattle,Washington,United States,Private room,69
38474445,2/27/2014,Paris,Île-de-France,France,Entire home/apt,105
41652396,7/5/2013,Paris,Île-de-France,France,Entire home/apt,145
18224168,8/25/2013,Paris,Île-de-France,France,Entire home/apt,140
32158193,3/23/2012,Brussels,Brussels,Belgium,Entire home/apt,60
2992346,9/20/2014,Paris,Île-de-France,France,Entire home/apt,150
34243154,5/31/2014,Venice,Veneto,Italy,Entire home/apt,130
8457022,12/31/2013,Sydney,New South Wales,Australia,Private room,141
9039779,11/12/2013,Boston,Massachusetts,United States,Private room,85
42070145,11/9/2013,Sydney,New South Wales,Australia,Private room,95
17600876,12/4/2012,Los Angeles,California,United States,Private room,79
30724474,3/11/2012,San Francisco,California,United States,Entire home/apt,178
3324323,10/21/2012,New Orleans,Louisiana,United States,Entire home/apt,100
15406715,6/29/2014,Amsterdam,North Holland,The Netherlands,Entire home/apt,99
37186607,1/28/2014,Los Angeles,California,United States,Entire home/apt,116
35594631,1/23/2014,Berlin,Berlin,Germany,Shared room,24
26259029,12/8/2014,Portland,Oregon,United States,Entire home/apt,110
38123777,12/21/2012,Toronto,Ontario,Canada,Entire home/apt,85
4164898,3/18/2012,Paris,Île-de-France,France,Entire home/apt,105
9212532,4/24/2014,New York City,New York,United States,Private room,99
31345955,10/14/2012,Paris,Île-de-France,France,Private room,50
16054199,9/28/2012,Barcelona,Catalonia,Spain,Private room,25
27879627,5/3/2012,Washington,D.C.,"District of Columbia, United States",Entire home/apt,85
48937030,1/15/2014,San Francisco,California,United States,Entire home/apt,295
19091835,11/19/2012,London,England,United Kingdom,Entire home/apt,125
22973714,4/23/2014,Los Angeles,California,United States,Entire home/apt,120
40384297,6/28/2013,New York City,New York,United States,Private room,49
22395172,6/5/2014,Paris,Île-de-France,France,Entire home/apt,50
8959370,7/4/2014,Paris,Île-de-France,France,Entire home/apt,240
38052964,10/18/2012,Los Angeles,California,United States,Private room,80
40335229,10/6/2013,Paris,Île-de-France,France,Entire home/apt,50
8732978,3/29/2012,Paris,Île-de-France,France,Entire home/apt,120
25250849,8/28/2012,New York City,New York,United States,Shared room,35
12823561,8/26/2012,San Francisco,California,United States,Entire home/apt,400
33697463,4/1/2012,Amsterdam,North Holland,The Netherlands,Entire home/apt,158
35486812,4/28/2012,Portland,Oregon,United States,Entire home/apt,124
8573464,7/12/2012,Paris,Île-de-France,France,Private room,65
27679663,7/5/2012,Brussels,Brussels,Belgium,Private room,35
4316039,6/7/2014,Barcelona,Catalonia,Spain,Entire home/apt,120
26569017,7/17/2013,Paris,Île-de-France,France,Entire home/apt,110
16450029,2/20/2014,Amsterdam,North Holland,The Netherlands,Entire home/apt,139
37536009,9/23/2014,Los Angeles,California,United States,Private room,89
23895621,1/8/2012,Antwerp,Flemish Region,Belgium,Entire home/apt,69
37186303,10/14/2014,London,England,United Kingdom,Entire home/apt,130
30716660,4/21/2013,London,England,United Kingdom,Entire home/apt,350
37652303,4/7/2014,Brussels,Brussels,Belgium,Entire home/apt,180
20503775,2/25/2014,Sydney,New South Wales,Australia,Private room,121
28194838,6/5/2013,Amsterdam,North Holland,The Netherlands,Entire home/apt,99
1321299,1/26/2012,Chicago,Illinois,United States,Private room,80
20984994,9/28/2012,Amsterdam,North Holland,The Netherlands,Entire home/apt,60
17985893,11/1/2012,New York City,New York,United States,Private room,65
50633128,7/29/2013,San Francisco,California,United States,Entire home/apt,399
32808889,4/13/2014,Amsterdam,North Holland,The Netherlands,Entire home/apt,120
5349948,3/28/2013,Paris,Île-de-France,France,Entire home/apt,120
34620164,8/22/2013,Montreal,Quebec,Canada,Private room,70
499085,5/27/2013,Washington,D.C.,"District of Columbia, United States",Private room,65
17809256,5/4/2013,Berlin,Berlin,Germany,Private room,30
7940278,10/17/2014,New York City,New York,United States,Entire home/apt,250
44349401,8/22/2012,Boston,Massachusetts,United States,Entire home/apt,168
5009965,1/28/2013,San Francisco,California,United States,Private room,95
32949262,8/6/2014,Toronto,Ontario,Canada,Entire home/apt,129
22163146,8/20/2014,Paris,Île-de-France,France,Private room,69
1365409,2/25/2014,Portland,Oregon,United States,Entire home/apt,183
5387350,2/6/2014,Paris,Île-de-France,France,Entire home/apt,77
37527770,8/16/2012,London,England,United Kingdom,Private room,27
29700366,12/7/2014,Berlin,Berlin,Germany,Entire home/apt,55
30433503,7/11/2014,Seattle,Washington,United States,Entire home/apt,129
11444280,4/1/2013,London,England,United Kingdom,Private room,49
31488970,10/18/2014,London,England,United Kingdom,Private room,39
46915829,11/20/2014,Sydney,New South Wales,Australia,Entire home/apt,111
21652208,4/6/2014,Barcelona,Catalonia,Spain,Entire home/apt,99
1211808,3/8/2014,Amsterdam,North Holland,The Netherlands,Entire home/apt,120
21709517,7/3/2013,London,England,United Kingdom,Entire home/apt,165
11692018,1/1/2013,Sydney,New South Wales,Australia,Private room,80
45065980,10/12/2013,Berlin,Berlin,Germany,Entire home/apt,70
37762569,12/30/2013,New York City,New York,United States,Private room,100
39472168,7/19/2014,Barcelona,Catalonia,Spain,Private room,30
22716033,12/23/2012,Los Angeles,California,United States,Entire home/apt,105
9614227,11/26/2013,Sydney,New South Wales,Australia,Private room,70
29660564,3/22/2013,Los Angeles,California,United States,Entire home/apt,125
13851622,1/27/2012,Paris,Île-de-France,France,Entire home/apt,35
20551537,3/21/2014,San Francisco,California,United States,Entire home/apt,182
26982506,11/6/2014,Chicago,Illinois,United States,Entire home/apt,650
40552166,1/13/2012,Sydney,New South Wales,Australia,Entire home/apt,150
2018617,12/22/2013,New York City,New York,United States,Private room,40
14862074,6/27/2012,Paris,Île-de-France,France,Entire home/apt,80
29498170,12/17/2013,Madrid,Comunidad de Madrid,Spain,Private room,30
38974125,11/29/2014,Montreal,Quebec,Canada,Entire home/apt,80
21950610,6/10/2013,Amsterdam,North Holland,The Netherlands,Entire home/apt,115
28332618,2/23/2012,Portland,Oregon,United States,Entire home/apt,149
48665633,11/19/2012,Austin,Texas,United States,Private room,65
32907620,4/12/2014,Berlin,Berlin,Germany,Entire home/apt,55
35585745,12/30/2012,Sydney,New South Wales,Australia,Entire home/apt,98
13423090,12/25/2014,Venice,Veneto,Italy,Entire home/apt,99
27392171,3/7/2012,Paris,Île-de-France,France,Entire home/apt,95
28605533,9/24/2014,Berlin,Berlin,Germany,Entire home/apt,62
44498863,8/30/2012,Paris,Île-de-France,France,Private room,35
30544438,2/28/2013,Los Angeles,California,United States,Entire home/apt,191
46642535,8/30/2014,Boston,Massachusetts,United States,Entire home/apt,95
21403195,12/26/2014,New York City,New York,United States,Private room,75
38944752,10/15/2013,New York City,New York,United States,Private room,110
